[{"model": "contenttypes.contenttype", "pk": 1, "fields": {"app_label": "admin", "model": "logentry"}}, {"model": "contenttypes.contenttype", "pk": 2, "fields": {"app_label": "auth", "model": "permission"}}, {"model": "contenttypes.contenttype", "pk": 3, "fields": {"app_label": "auth", "model": "group"}}, {"model": "contenttypes.contenttype", "pk": 4, "fields": {"app_label": "auth", "model": "user"}}, {"model": "contenttypes.contenttype", "pk": 5, "fields": {"app_label": "contenttypes", "model": "contenttype"}}, {"model": "contenttypes.contenttype", "pk": 6, "fields": {"app_label": "sessions", "model": "session"}}, {"model": "contenttypes.contenttype", "pk": 7, "fields": {"app_label": "main", "model": "brand"}}, {"model": "contenttypes.contenttype", "pk": 8, "fields": {"app_label": "main", "model": "category"}}, {"model": "contenttypes.contenttype", "pk": 9, "fields": {"app_label": "main", "model": "color"}}, {"model": "contenttypes.contenttype", "pk": 10, "fields": {"app_label": "main", "model": "size"}}, {"model": "contenttypes.contenttype", "pk": 11, "fields": {"app_label": "main", "model": "product"}}, {"model": "contenttypes.contenttype", "pk": 12, "fields": {"app_label": "main", "model": "banner"}}, {"model": "contenttypes.contenttype", "pk": 13, "fields": {"app_label": "main", "model": "productattribute"}}, {"model": "contenttypes.contenttype", "pk": 14, "fields": {"app_label": "accounts", "model": "profile"}}, {"model": "contenttypes.contenttype", "pk": 15, "fields": {"app_label": "main", "model": "customer"}}, {"model": "contenttypes.contenttype", "pk": 16, "fields": {"app_label": "main", "model": "cart"}}, {"model": "contenttypes.contenttype", "pk": 17, "fields": {"app_label": "main", "model": "cartproduct"}}, {"model": "contenttypes.contenttype", "pk": 18, "fields": {"app_label": "main", "model": "order"}}, {"model": "sessions.session", "pk": "69ilad3bsvt3mh2fw3vk2fur7wgkrh02", "fields": {"session_data": "YjA0MDM2ZGE4NTFiMjMzNTFjYjViNjEzNTk2NTFhM2QzOWJjNWJhMDp7Il9hdXRoX3VzZXJfaWQiOiI5IiwiX2F1dGhfdXNlcl9iYWNrZW5kIjoiZGphbmdvLmNvbnRyaWIuYXV0aC5iYWNrZW5kcy5Nb2RlbEJhY2tlbmQiLCJfYXV0aF91c2VyX2hhc2giOiI5NDU0MDYyZTIzMzNjMDgzODkxYzIwMzc1YjM0MmIwMTk2ZTAwYzBjIn0=", "expire_date": "2021-05-13T08:43:35.616Z"}}, {"model": "sessions.session", "pk": "6il91zgffd7fxx4gliooxxn10k0jc6h3", "fields": {"session_data": "NmZlZDJjOWMzZmYxNWI4M2MzMTIwODVjZDU4ZTY3MzQ1MjkyYTVlNjp7ImNhcnRfaWQiOjE4fQ==", "expire_date": "2021-05-05T04:18:21.607Z"}}, {"model": "sessions.session", "pk": "8sc2nqio99xc7evpfr94fpb75yxdgq95", "fields": {"session_data": "MmNhOTFiNjkzZjVmOGJlOWU3Yzc5YjQzZWI3OTljYzM1NGYzNDE4Zjp7Il9hdXRoX3VzZXJfaWQiOiIxIiwiX2F1dGhfdXNlcl9iYWNrZW5kIjoiZGphbmdvLmNvbnRyaWIuYXV0aC5iYWNrZW5kcy5Nb2RlbEJhY2tlbmQiLCJfYXV0aF91c2VyX2hhc2giOiJkMDRmOTJkZGJiNDFjYzg0ODJjNWY2N2Q2NDA1NTQwODIzNmI3NDVhIn0=", "expire_date": "2021-05-12T13:11:05.044Z"}}, {"model": "sessions.session", "pk": "bd9ub57x6plhky4m377gk70wy2wx4vtl", "fields": {"session_data": "MmNhOTFiNjkzZjVmOGJlOWU3Yzc5YjQzZWI3OTljYzM1NGYzNDE4Zjp7Il9hdXRoX3VzZXJfaWQiOiIxIiwiX2F1dGhfdXNlcl9iYWNrZW5kIjoiZGphbmdvLmNvbnRyaWIuYXV0aC5iYWNrZW5kcy5Nb2RlbEJhY2tlbmQiLCJfYXV0aF91c2VyX2hhc2giOiJkMDRmOTJkZGJiNDFjYzg0ODJjNWY2N2Q2NDA1NTQwODIzNmI3NDVhIn0=", "expire_date": "2021-04-30T05:32:29.260Z"}}, {"model": "sessions.session", "pk": "bjkf2no2evel0cj7rd2pr563sgi907ks", "fields": {"session_data": "ZmIxYzIxZTcxNzZiNDJiYmE1MWQ3NDRhNjZhZWFmZWVkNTNmN2I2Nzp7fQ==", "expire_date": "2021-05-06T08:10:32.563Z"}}, {"model": "sessions.session", "pk": "dqqydfl8hnuklowbfss9yizpxiierc7e", "fields": {"session_data": "ZmIxYzIxZTcxNzZiNDJiYmE1MWQ3NDRhNjZhZWFmZWVkNTNmN2I2Nzp7fQ==", "expire_date": "2021-05-06T08:11:07.871Z"}}, {"model": "sessions.session", "pk": "e7nvf9ugl4jh9mcm8e1pa4jfybf1o1lu", "fields": {"session_data": "MmNhOTFiNjkzZjVmOGJlOWU3Yzc5YjQzZWI3OTljYzM1NGYzNDE4Zjp7Il9hdXRoX3VzZXJfaWQiOiIxIiwiX2F1dGhfdXNlcl9iYWNrZW5kIjoiZGphbmdvLmNvbnRyaWIuYXV0aC5iYWNrZW5kcy5Nb2RlbEJhY2tlbmQiLCJfYXV0aF91c2VyX2hhc2giOiJkMDRmOTJkZGJiNDFjYzg0ODJjNWY2N2Q2NDA1NTQwODIzNmI3NDVhIn0=", "expire_date": "2021-05-11T09:45:43.005Z"}}, {"model": "sessions.session", "pk": "fws7izs21h2wafk0s7bffnhd4ua3f4xc", "fields": {"session_data": "MmNhOTFiNjkzZjVmOGJlOWU3Yzc5YjQzZWI3OTljYzM1NGYzNDE4Zjp7Il9hdXRoX3VzZXJfaWQiOiIxIiwiX2F1dGhfdXNlcl9iYWNrZW5kIjoiZGphbmdvLmNvbnRyaWIuYXV0aC5iYWNrZW5kcy5Nb2RlbEJhY2tlbmQiLCJfYXV0aF91c2VyX2hhc2giOiJkMDRmOTJkZGJiNDFjYzg0ODJjNWY2N2Q2NDA1NTQwODIzNmI3NDVhIn0=", "expire_date": "2021-05-07T04:50:53.624Z"}}, {"model": "sessions.session", "pk": "g4rdlokb8bluwg4zvg8jmz3p0w6fzhgu", "fields": {"session_data": "YTc4YTA4YjlhNzg0YjJiMDkyYWQ1NGIyZTZmOTg5MzQ3OTg1ZmJkMjp7Il9hdXRoX3VzZXJfaWQiOiI4IiwiX2F1dGhfdXNlcl9iYWNrZW5kIjoiZGphbmdvLmNvbnRyaWIuYXV0aC5iYWNrZW5kcy5Nb2RlbEJhY2tlbmQiLCJfYXV0aF91c2VyX2hhc2giOiJkNjg5ZDA3MjY4MjlmYmU3MGQ4MzI2OTQzNzUzZDBhYzQxMjVkMjQzIn0=", "expire_date": "2021-05-02T06:14:25.450Z"}}, {"model": "sessions.session", "pk": "hxo06q8f4elx62ulxrqkc3mr7so6guw2", "fields": {"session_data": "MmNhOTFiNjkzZjVmOGJlOWU3Yzc5YjQzZWI3OTljYzM1NGYzNDE4Zjp7Il9hdXRoX3VzZXJfaWQiOiIxIiwiX2F1dGhfdXNlcl9iYWNrZW5kIjoiZGphbmdvLmNvbnRyaWIuYXV0aC5iYWNrZW5kcy5Nb2RlbEJhY2tlbmQiLCJfYXV0aF91c2VyX2hhc2giOiJkMDRmOTJkZGJiNDFjYzg0ODJjNWY2N2Q2NDA1NTQwODIzNmI3NDVhIn0=", "expire_date": "2021-05-06T05:14:54.644Z"}}, {"model": "sessions.session", "pk": "k60ftcafdqxcj3kgh1ohdfjnfhay8r05", "fields": {"session_data": "MjZiNDhiYWIwYmMwZjZiNjU5YjRiNDMyNDJjMmE4N2I3NjEzZGYxMzp7Il9hdXRoX3VzZXJfaWQiOiIxIiwiX2F1dGhfdXNlcl9iYWNrZW5kIjoiZGphbmdvLmNvbnRyaWIuYXV0aC5iYWNrZW5kcy5Nb2RlbEJhY2tlbmQiLCJfYXV0aF91c2VyX2hhc2giOiJkMDRmOTJkZGJiNDFjYzg0ODJjNWY2N2Q2NDA1NTQwODIzNmI3NDVhIiwiY2FydF9pZCI6NDN9", "expire_date": "2021-05-14T06:03:30.996Z"}}, {"model": "sessions.session", "pk": "lr2x6noh1yxkeosb4758uewv9tqk2da7", "fields": {"session_data": "MmNhOTFiNjkzZjVmOGJlOWU3Yzc5YjQzZWI3OTljYzM1NGYzNDE4Zjp7Il9hdXRoX3VzZXJfaWQiOiIxIiwiX2F1dGhfdXNlcl9iYWNrZW5kIjoiZGphbmdvLmNvbnRyaWIuYXV0aC5iYWNrZW5kcy5Nb2RlbEJhY2tlbmQiLCJfYXV0aF91c2VyX2hhc2giOiJkMDRmOTJkZGJiNDFjYzg0ODJjNWY2N2Q2NDA1NTQwODIzNmI3NDVhIn0=", "expire_date": "2021-05-11T08:52:30.774Z"}}, {"model": "sessions.session", "pk": "neyynu10vhcic7639pwzqkeu9yrjqyui", "fields": {"session_data": "MmNhOTFiNjkzZjVmOGJlOWU3Yzc5YjQzZWI3OTljYzM1NGYzNDE4Zjp7Il9hdXRoX3VzZXJfaWQiOiIxIiwiX2F1dGhfdXNlcl9iYWNrZW5kIjoiZGphbmdvLmNvbnRyaWIuYXV0aC5iYWNrZW5kcy5Nb2RlbEJhY2tlbmQiLCJfYXV0aF91c2VyX2hhc2giOiJkMDRmOTJkZGJiNDFjYzg0ODJjNWY2N2Q2NDA1NTQwODIzNmI3NDVhIn0=", "expire_date": "2021-04-29T05:45:44.881Z"}}, {"model": "sessions.session", "pk": "p3r0wsroebpi6yzrabn5ltpyuh9rzcmz", "fields": {"session_data": "MmNhOTFiNjkzZjVmOGJlOWU3Yzc5YjQzZWI3OTljYzM1NGYzNDE4Zjp7Il9hdXRoX3VzZXJfaWQiOiIxIiwiX2F1dGhfdXNlcl9iYWNrZW5kIjoiZGphbmdvLmNvbnRyaWIuYXV0aC5iYWNrZW5kcy5Nb2RlbEJhY2tlbmQiLCJfYXV0aF91c2VyX2hhc2giOiJkMDRmOTJkZGJiNDFjYzg0ODJjNWY2N2Q2NDA1NTQwODIzNmI3NDVhIn0=", "expire_date": "2021-05-05T10:49:40.247Z"}}, {"model": "sessions.session", "pk": "q0dbjumovh6l4483qwat8rrm793ki4zb", "fields": {"session_data": "ZmIxYzIxZTcxNzZiNDJiYmE1MWQ3NDRhNjZhZWFmZWVkNTNmN2I2Nzp7fQ==", "expire_date": "2021-05-02T04:04:27.588Z"}}, {"model": "sessions.session", "pk": "r7nti9m5pg4ykh43m53fc7na1t0axytw", "fields": {"session_data": "NTdhYTBlYzA4MGUwNGRhNmMyODVmM2M1YjNiZjZjMzM3ZDgyMDVjZTp7Il9hdXRoX3VzZXJfaWQiOiIxIiwiX2F1dGhfdXNlcl9iYWNrZW5kIjoiZGphbmdvLmNvbnRyaWIuYXV0aC5iYWNrZW5kcy5Nb2RlbEJhY2tlbmQiLCJfYXV0aF91c2VyX2hhc2giOiJkMDRmOTJkZGJiNDFjYzg0ODJjNWY2N2Q2NDA1NTQwODIzNmI3NDVhIiwiY2FydF9pZCI6MTl9", "expire_date": "2021-05-05T04:30:34.209Z"}}, {"model": "sessions.session", "pk": "rgpfb0ztn36wgjfq3yyaut84upqwnpeb", "fields": {"session_data": "NzhlNmQ0ODM1M2JkNjM5ZWM1NGM2MmI2OGU5ODkxYWUwODdmOWUyNjp7ImNhcnRfaWQiOjE2fQ==", "expire_date": "2021-05-04T12:07:46.518Z"}}, {"model": "sessions.session", "pk": "sgfz2dtlpkzipp53sxnq0d7wgam3cazq", "fields": {"session_data": "MmNhOTFiNjkzZjVmOGJlOWU3Yzc5YjQzZWI3OTljYzM1NGYzNDE4Zjp7Il9hdXRoX3VzZXJfaWQiOiIxIiwiX2F1dGhfdXNlcl9iYWNrZW5kIjoiZGphbmdvLmNvbnRyaWIuYXV0aC5iYWNrZW5kcy5Nb2RlbEJhY2tlbmQiLCJfYXV0aF91c2VyX2hhc2giOiJkMDRmOTJkZGJiNDFjYzg0ODJjNWY2N2Q2NDA1NTQwODIzNmI3NDVhIn0=", "expire_date": "2021-04-29T07:50:41.997Z"}}, {"model": "sessions.session", "pk": "tc347y8pap4t6ghsrqfhz13gii80d72n", "fields": {"session_data": "MmNhOTFiNjkzZjVmOGJlOWU3Yzc5YjQzZWI3OTljYzM1NGYzNDE4Zjp7Il9hdXRoX3VzZXJfaWQiOiIxIiwiX2F1dGhfdXNlcl9iYWNrZW5kIjoiZGphbmdvLmNvbnRyaWIuYXV0aC5iYWNrZW5kcy5Nb2RlbEJhY2tlbmQiLCJfYXV0aF91c2VyX2hhc2giOiJkMDRmOTJkZGJiNDFjYzg0ODJjNWY2N2Q2NDA1NTQwODIzNmI3NDVhIn0=", "expire_date": "2021-05-10T07:33:28.993Z"}}, {"model": "sessions.session", "pk": "us2qunhznrcprbfit0nhlgwna86o1zo8", "fields": {"session_data": "MmNhOTFiNjkzZjVmOGJlOWU3Yzc5YjQzZWI3OTljYzM1NGYzNDE4Zjp7Il9hdXRoX3VzZXJfaWQiOiIxIiwiX2F1dGhfdXNlcl9iYWNrZW5kIjoiZGphbmdvLmNvbnRyaWIuYXV0aC5iYWNrZW5kcy5Nb2RlbEJhY2tlbmQiLCJfYXV0aF91c2VyX2hhc2giOiJkMDRmOTJkZGJiNDFjYzg0ODJjNWY2N2Q2NDA1NTQwODIzNmI3NDVhIn0=", "expire_date": "2021-05-04T05:47:09.849Z"}}, {"model": "sessions.session", "pk": "v1qezi2d4tawxr7dtb0ciumxzc1u8y2c", "fields": {"session_data": "YjA0MDM2ZGE4NTFiMjMzNTFjYjViNjEzNTk2NTFhM2QzOWJjNWJhMDp7Il9hdXRoX3VzZXJfaWQiOiI5IiwiX2F1dGhfdXNlcl9iYWNrZW5kIjoiZGphbmdvLmNvbnRyaWIuYXV0aC5iYWNrZW5kcy5Nb2RlbEJhY2tlbmQiLCJfYXV0aF91c2VyX2hhc2giOiI5NDU0MDYyZTIzMzNjMDgzODkxYzIwMzc1YjM0MmIwMTk2ZTAwYzBjIn0=", "expire_date": "2021-05-17T07:03:46.011Z"}}, {"model": "sessions.session", "pk": "w7azxpx5o0gmkon08rv92kmofela2adn", "fields": {"session_data": "YTcyMGQwZDYyNzYzZDk2NzU2MmJiZTY3OTQ0MjllODA5MTBlMzVhMjp7Il9hdXRoX3VzZXJfaWQiOiIxIiwiX2F1dGhfdXNlcl9iYWNrZW5kIjoiZGphbmdvLmNvbnRyaWIuYXV0aC5iYWNrZW5kcy5Nb2RlbEJhY2tlbmQiLCJfYXV0aF91c2VyX2hhc2giOiJkMDRmOTJkZGJiNDFjYzg0ODJjNWY2N2Q2NDA1NTQwODIzNmI3NDVhIiwiY2FydF9pZCI6MTN9", "expire_date": "2021-05-04T11:22:54.840Z"}}, {"model": "sessions.session", "pk": "wrdle21v1ndvuihdadls2x9wvavk6njx", "fields": {"session_data": "NTI1ZDFiNDI0YjYzNmM0MzVhMDRiNGYxYjRlOWVlNzQzN2ZhOWJkMDp7ImNhcnRfaWQiOjM0fQ==", "expire_date": "2021-05-10T11:39:27.209Z"}}, {"model": "sessions.session", "pk": "zsvm8q6omfklftuntojy2r8ljbae6iro", "fields": {"session_data": "MmNhOTFiNjkzZjVmOGJlOWU3Yzc5YjQzZWI3OTljYzM1NGYzNDE4Zjp7Il9hdXRoX3VzZXJfaWQiOiIxIiwiX2F1dGhfdXNlcl9iYWNrZW5kIjoiZGphbmdvLmNvbnRyaWIuYXV0aC5iYWNrZW5kcy5Nb2RlbEJhY2tlbmQiLCJfYXV0aF91c2VyX2hhc2giOiJkMDRmOTJkZGJiNDFjYzg0ODJjNWY2N2Q2NDA1NTQwODIzNmI3NDVhIn0=", "expire_date": "2021-05-13T04:13:56.814Z"}}, {"model": "main.banner", "pk": 1, "fields": {"img": "banner_imgs/B1.jpg", "alt_text": "Sale Banner"}}, {"model": "main.banner", "pk": 2, "fields": {"img": "banner_imgs/B2.jpg", "alt_text": "Beauty Products Banner"}}, {"model": "main.banner", "pk": 3, "fields": {"img": "banner_imgs/B3.jpg", "alt_text": "Sale Banner"}}, {"model": "main.category", "pk": 4, "fields": {"title": "Shoes", "image": "cat_imgs/reebok-shoes.jpg"}}, {"model": "main.category", "pk": 5, "fields": {"title": "Bottles", "image": "cat_imgs/bottle-category.jpg"}}, {"model": "main.category", "pk": 6, "fields": {"title": "Sports", "image": "cat_imgs/sports-equip_2Iw6xzE.jpg"}}, {"model": "main.category", "pk": 7, "fields": {"title": "Shirt", "image": "cat_imgs/shirt-brand.jpg"}}, {"model": "main.category", "pk": 8, "fields": {"title": "Smartphones", "image": "cat_imgs/mobile-category.jpg"}}, {"model": "main.brand", "pk": 4, "fields": {"title": "Reebok", "image": "brand_imgs/Reebok-logo.png"}}, {"model": "main.brand", "pk": 5, "fields": {"title": "Nike", "image": "brand_imgs/nike-logo.png"}}, {"model": "main.brand", "pk": 6, "fields": {"title": "Milton", "image": "brand_imgs/milton-logo_OWQDrwH.jpg"}}, {"model": "main.brand", "pk": 7, "fields": {"title": "Puma", "image": "brand_imgs/puma-logo.jpg"}}, {"model": "main.brand", "pk": 8, "fields": {"title": "Apple", "image": "brand_imgs/apple-logo.jpg"}}, {"model": "main.brand", "pk": 9, "fields": {"title": "Samsung", "image": "brand_imgs/samsung_logo.png"}}, {"model": "main.color", "pk": 1, "fields": {"title": "Black", "color_code": "#000"}}, {"model": "main.color", "pk": 2, "fields": {"title": "Red", "color_code": "#ff0040"}}, {"model": "main.color", "pk": 3, "fields": {"title": "Pink", "color_code": "#FFC0CB"}}, {"model": "main.color", "pk": 4, "fields": {"title": "Blue", "color_code": "#0000FF"}}, {"model": "main.color", "pk": 5, "fields": {"title": "Silver", "color_code": "#C0C0C0"}}, {"model": "main.color", "pk": 6, "fields": {"title": "Black", "color_code": "#000"}}, {"model": "main.color", "pk": 7, "fields": {"title": "White", "color_code": "#FFF"}}, {"model": "main.size", "pk": 5, "fields": {"title": "8 - 10"}}, {"model": "main.size", "pk": 6, "fields": {"title": "7 - 12"}}, {"model": "main.size", "pk": 7, "fields": {"title": "900ml"}}, {"model": "main.size", "pk": 8, "fields": {"title": "Standard"}}, {"model": "main.size", "pk": 9, "fields": {"title": "32-40"}}, {"model": "main.size", "pk": 10, "fields": {"title": "64 GB"}}, {"model": "main.product", "pk": 6, "fields": {"title": "Reebok Shoes - Black", "slug": "Reebok-Shoes-Black", "details": "Reebok Shoes - Black", "specs": "Reebok Shoes - Black", "category": 4, "brand": 4, "status": true, "price": 3450, "is_featured": true, "favorite": [2]}}, {"model": "main.product", "pk": 7, "fields": {"title": "Reebok Shoes - Red", "slug": "Reebok-Shoes-Red", "details": "Reebok Shoes - Red", "specs": "Reebok Shoes - Red", "category": 4, "brand": 4, "status": true, "price": 4500, "is_featured": false, "favorite": []}}, {"model": "main.product", "pk": 8, "fields": {"title": "Milton Bottle", "slug": "milton-bottle", "details": "Milton Bottle", "specs": "Milton Bottle", "category": 5, "brand": 6, "status": true, "price": 1199, "is_featured": true, "favorite": []}}, {"model": "main.product", "pk": 9, "fields": {"title": "Nike AirMax", "slug": "nike-airmax", "details": "Nike AirMax", "specs": "Nike AirMax", "category": 4, "brand": 5, "status": true, "price": 10500, "is_featured": true, "favorite": []}}, {"model": "main.product", "pk": 10, "fields": {"title": "Nike Football", "slug": "nike-football", "details": "Nike Football", "specs": "Nike Football", "category": 6, "brand": 5, "status": true, "price": 1850, "is_featured": true, "favorite": [1, 4]}}, {"model": "main.product", "pk": 11, "fields": {"title": "Puma Shirt - Blue", "slug": "Blue Puma Shirt", "details": "Puma Shirt - Blue", "specs": "Puma Shirt - Blue", "category": 7, "brand": 7, "status": true, "price": 1599, "is_featured": true, "favorite": [1]}}, {"model": "main.product", "pk": 14, "fields": {"title": "Apple iPhone 12", "slug": "apple-iphone-12", "details": "Apple iPhone 12 - Black", "specs": "Apple iPhone 12\r\nBlack\r\n64 GB", "category": 8, "brand": 8, "status": true, "price": 79000, "is_featured": true, "favorite": []}}, {"model": "main.product", "pk": 20, "fields": {"title": "Samsung Note 10", "slug": "samsung-note-10", "details": "Samsung Note 10", "specs": "Samsung Note 10\r\nSilver\r\n64 GB", "category": 8, "brand": 9, "status": true, "price": 59500, "is_featured": true, "favorite": []}}, {"model": "main.productattribute", "pk": 7, "fields": {"product": 6, "color": 1, "size": 5, "image": "product_imgs/reebok-shoes_qBi6qRG.jpg"}}, {"model": "main.productattribute", "pk": 8, "fields": {"product": 7, "color": 2, "size": 6, "image": "product_imgs/reebok-shoes-1_S6PKeK0.jpg"}}, {"model": "main.productattribute", "pk": 9, "fields": {"product": 8, "color": 5, "size": 7, "image": "product_imgs/9_kwnt7zp.jpg"}}, {"model": "main.productattribute", "pk": 10, "fields": {"product": 9, "color": 4, "size": 6, "image": "product_imgs/nike-shoes_EJONYXI.jpg"}}, {"model": "main.productattribute", "pk": 11, "fields": {"product": 10, "color": 7, "size": 8, "image": "product_imgs/nike-football.jpg"}}, {"model": "main.productattribute", "pk": 12, "fields": {"product": 11, "color": 4, "size": 9, "image": "product_imgs/puma-blue-shirt.jpg"}}, {"model": "main.productattribute", "pk": 15, "fields": {"product": 14, "color": 1, "size": 10, "image": "product_imgs/iphone-12_f5jokbR.png"}}, {"model": "main.productattribute", "pk": 22, "fields": {"product": 20, "color": 5, "size": 10, "image": "product_imgs/samsung-note-10_wJnNe9u.jpg"}}, {"model": "main.cart", "pk": 24, "fields": {"customer": 1, "total": 1599, "created_at": "2021-04-21T10:51:25.574Z"}}, {"model": "main.cart", "pk": 25, "fields": {"customer": 1, "total": 3198, "created_at": "2021-04-21T11:22:11.610Z"}}, {"model": "main.cart", "pk": 26, "fields": {"customer": 2, "total": 10850, "created_at": "2021-04-21T11:27:17Z"}}, {"model": "main.cart", "pk": 27, "fields": {"customer": 1, "total": 0, "created_at": "2021-04-21T12:17:25.628Z"}}, {"model": "main.cart", "pk": 28, "fields": {"customer": 1, "total": 0, "created_at": "2021-04-22T06:43:17.121Z"}}, {"model": "main.cart", "pk": 29, "fields": {"customer": null, "total": 19500, "created_at": "2021-04-22T10:23:21.842Z"}}, {"model": "main.cart", "pk": 30, "fields": {"customer": 4, "total": 16850, "created_at": "2021-04-22T11:57:26.403Z"}}, {"model": "main.cart", "pk": 31, "fields": {"customer": 1, "total": 0, "created_at": "2021-04-26T08:39:35.448Z"}}, {"model": "main.cart", "pk": 32, "fields": {"customer": 1, "total": 1599, "created_at": "2021-04-26T11:08:15.839Z"}}, {"model": "main.cart", "pk": 33, "fields": {"customer": null, "total": 79000, "created_at": "2021-04-26T11:37:26.313Z"}}, {"model": "main.cart", "pk": 34, "fields": {"customer": null, "total": 79000, "created_at": "2021-04-26T11:39:26.835Z"}}, {"model": "main.cart", "pk": 35, "fields": {"customer": 1, "total": 79000, "created_at": "2021-04-26T11:46:52.319Z"}}, {"model": "main.cart", "pk": 36, "fields": {"customer": 1, "total": 0, "created_at": "2021-04-26T12:17:38.242Z"}}, {"model": "main.cart", "pk": 37, "fields": {"customer": 1, "total": 0, "created_at": "2021-04-26T12:28:34.780Z"}}, {"model": "main.cart", "pk": 38, "fields": {"customer": 1, "total": 0, "created_at": "2021-04-26T12:43:43.171Z"}}, {"model": "main.cart", "pk": 39, "fields": {"customer": 1, "total": 3597, "created_at": "2021-04-29T06:25:41.008Z"}}, {"model": "main.cart", "pk": 40, "fields": {"customer": 1, "total": 1850, "created_at": "2021-04-29T06:56:57.865Z"}}, {"model": "main.cart", "pk": 41, "fields": {"customer": 1, "total": 10500, "created_at": "2021-04-29T08:43:22.548Z"}}, {"model": "main.cart", "pk": 42, "fields": {"customer": 7, "total": 3450, "created_at": "2021-04-29T09:27:55.495Z"}}, {"model": "main.cart", "pk": 43, "fields": {"customer": null, "total": 79000, "created_at": "2021-04-30T06:03:28.558Z"}}, {"model": "main.cart", "pk": 44, "fields": {"customer": null, "total": 1599, "created_at": "2021-04-30T06:05:33.375Z"}}, {"model": "main.cart", "pk": 45, "fields": {"customer": null, "total": 1199, "created_at": "2021-04-30T06:07:39.608Z"}}, {"model": "main.cart", "pk": 46, "fields": {"customer": null, "total": 1199, "created_at": "2021-04-30T06:08:23.383Z"}}, {"model": "main.cart", "pk": 47, "fields": {"customer": 1, "total": 1850, "created_at": "2021-04-30T10:21:22.973Z"}}, {"model": "main.cart", "pk": 48, "fields": {"customer": 1, "total": 0, "created_at": "2021-04-30T10:22:02.165Z"}}, {"model": "main.cart", "pk": 49, "fields": {"customer": 13, "total": 1850, "created_at": "2021-05-03T06:35:10.979Z"}}, {"model": "main.cartproduct", "pk": 23, "fields": {"cart": 24, "product": 11, "rate": 1599, "quantity": 1, "subtotal": 1599}}, {"model": "main.cartproduct", "pk": 24, "fields": {"cart": 25, "product": 11, "rate": 1599, "quantity": 2, "subtotal": 3198}}, {"model": "main.cartproduct", "pk": 25, "fields": {"cart": 26, "product": 7, "rate": 4500, "quantity": 2, "subtotal": 9000}}, {"model": "main.cartproduct", "pk": 26, "fields": {"cart": 26, "product": 10, "rate": 1850, "quantity": 1, "subtotal": 1850}}, {"model": "main.cartproduct", "pk": 29, "fields": {"cart": 29, "product": 9, "rate": 10500, "quantity": 1, "subtotal": 10500}}, {"model": "main.cartproduct", "pk": 30, "fields": {"cart": 29, "product": 7, "rate": 4500, "quantity": 2, "subtotal": 9000}}, {"model": "main.cartproduct", "pk": 31, "fields": {"cart": 30, "product": 9, "rate": 10500, "quantity": 1, "subtotal": 10500}}, {"model": "main.cartproduct", "pk": 32, "fields": {"cart": 30, "product": 7, "rate": 4500, "quantity": 1, "subtotal": 4500}}, {"model": "main.cartproduct", "pk": 33, "fields": {"cart": 30, "product": 10, "rate": 1850, "quantity": 1, "subtotal": 1850}}, {"model": "main.cartproduct", "pk": 35, "fields": {"cart": 32, "product": 11, "rate": 1599, "quantity": 1, "subtotal": 1599}}, {"model": "main.cartproduct", "pk": 36, "fields": {"cart": 33, "product": 14, "rate": 79000, "quantity": 1, "subtotal": 79000}}, {"model": "main.cartproduct", "pk": 37, "fields": {"cart": 34, "product": 14, "rate": 79000, "quantity": 1, "subtotal": 79000}}, {"model": "main.cartproduct", "pk": 38, "fields": {"cart": 35, "product": 14, "rate": 79000, "quantity": 1, "subtotal": 79000}}, {"model": "main.cartproduct", "pk": 44, "fields": {"cart": 39, "product": 8, "rate": 1199, "quantity": 3, "subtotal": 3597}}, {"model": "main.cartproduct", "pk": 45, "fields": {"cart": 40, "product": 10, "rate": 1850, "quantity": 1, "subtotal": 1850}}, {"model": "main.cartproduct", "pk": 46, "fields": {"cart": 41, "product": 9, "rate": 10500, "quantity": 1, "subtotal": 10500}}, {"model": "main.cartproduct", "pk": 47, "fields": {"cart": 42, "product": 6, "rate": 3450, "quantity": 1, "subtotal": 3450}}, {"model": "main.cartproduct", "pk": 48, "fields": {"cart": 43, "product": 14, "rate": 79000, "quantity": 1, "subtotal": 79000}}, {"model": "main.cartproduct", "pk": 49, "fields": {"cart": 44, "product": 11, "rate": 1599, "quantity": 1, "subtotal": 1599}}, {"model": "main.cartproduct", "pk": 50, "fields": {"cart": 45, "product": 8, "rate": 1199, "quantity": 1, "subtotal": 1199}}, {"model": "main.cartproduct", "pk": 51, "fields": {"cart": 46, "product": 8, "rate": 1199, "quantity": 1, "subtotal": 1199}}, {"model": "main.cartproduct", "pk": 52, "fields": {"cart": 47, "product": 10, "rate": 1850, "quantity": 1, "subtotal": 1850}}, {"model": "main.cartproduct", "pk": 54, "fields": {"cart": 49, "product": 10, "rate": 1850, "quantity": 1, "subtotal": 1850}}, {"model": "main.order", "pk": 2, "fields": {"cart": 24, "ordered_by": "James Bond", "shipping_address": "Baker Street, London", "mobile": "6742698455", "email": "jb@gmail.com", "subtotal": 1599, "discount": 0, "total": 1599, "order_status": "Order Received", "created_at": "2021-04-21T10:52:29.297Z", "payment_method": "Cash On Delivery", "payment_completed": false}}, {"model": "main.order", "pk": 3, "fields": {"cart": 25, "ordered_by": "James Bond", "shipping_address": "Baker Street, London", "mobile": "6742698455", "email": "jb@gmail.com", "subtotal": 3198, "discount": 0, "total": 3198, "order_status": "Order Processing", "created_at": "2021-04-21T11:22:27.072Z", "payment_method": "Cash On Delivery", "payment_completed": false}}, {"model": "main.order", "pk": 4, "fields": {"cart": 26, "ordered_by": "Munna Bhai", "shipping_address": "Gali No. 420, Mumbai", "mobile": "8866974582", "email": "munna@gmail.com", "subtotal": 10850, "discount": 0, "total": 10850, "order_status": "Order Completed", "created_at": "2021-04-21T11:28:33.257Z", "payment_method": "Cash On Delivery", "payment_completed": false}}, {"model": "main.order", "pk": 5, "fields": {"cart": 29, "ordered_by": "James Bond-2", "shipping_address": "Baker Street, London", "mobile": "6742698665", "email": "jb2@gmail.com", "subtotal": 19500, "discount": 0, "total": 19500, "order_status": "Order Processing", "created_at": "2021-04-22T10:24:14.881Z", "payment_method": "Cash On Delivery", "payment_completed": false}}, {"model": "main.order", "pk": 6, "fields": {"cart": 30, "ordered_by": "Ronaldo", "shipping_address": "Main Street, Portugal", "mobile": "58693427", "email": "cr7@gmail.com", "subtotal": 16850, "discount": 0, "total": 16850, "order_status": "Order Processing", "created_at": "2021-04-22T11:59:59.830Z", "payment_method": "Cash On Delivery", "payment_completed": false}}, {"model": "main.order", "pk": 7, "fields": {"cart": 40, "ordered_by": "James Bond", "shipping_address": "Baker Street, London", "mobile": "5454615161", "email": "jb@gmail.com", "subtotal": 1850, "discount": 0, "total": 1850, "order_status": "Order Received", "created_at": "2021-04-29T08:42:02.740Z", "payment_method": "Razorpay", "payment_completed": false}}, {"model": "main.order", "pk": 9, "fields": {"cart": 42, "ordered_by": "Hatim Patrawala", "shipping_address": "Mumbai", "mobile": "1465158415", "email": "hp@gmail.com", "subtotal": 3450, "discount": 0, "total": 3450, "order_status": "Order Received", "created_at": "2021-04-29T09:28:24.365Z", "payment_method": "Cash On Delivery", "payment_completed": false}}, {"model": "main.order", "pk": 10, "fields": {"cart": 44, "ordered_by": "James Barnes", "shipping_address": "Brooklyn, New York", "mobile": "1654531315", "email": "ws@gmail.com", "subtotal": 1599, "discount": 0, "total": 1599, "order_status": "On the way", "created_at": "2021-04-30T06:06:10.407Z", "payment_method": "Cash On Delivery", "payment_completed": false}}, {"model": "main.order", "pk": 11, "fields": {"cart": 45, "ordered_by": "James Barnes", "shipping_address": "Brooklyn, New York", "mobile": "1465158415", "email": "ws@gmail.com", "subtotal": 1199, "discount": 0, "total": 1199, "order_status": "On the way", "created_at": "2021-04-30T06:07:58.786Z", "payment_method": "Cash On Delivery", "payment_completed": false}}, {"model": "main.order", "pk": 13, "fields": {"cart": 49, "ordered_by": "Barry Allen", "shipping_address": "Central City, New York", "mobile": "2151861351", "email": "ba@yahoo.com", "subtotal": 1850, "discount": 0, "total": 1850, "order_status": "On the way", "created_at": "2021-05-03T06:35:41.282Z", "payment_method": "Cash On Delivery", "payment_completed": false}}, {"model": "auth.permission", "pk": 1, "fields": {"name": "Can add log entry", "content_type": 1, "codename": "add_logentry"}}, {"model": "auth.permission", "pk": 2, "fields": {"name": "Can change log entry", "content_type": 1, "codename": "change_logentry"}}, {"model": "auth.permission", "pk": 3, "fields": {"name": "Can delete log entry", "content_type": 1, "codename": "delete_logentry"}}, {"model": "auth.permission", "pk": 4, "fields": {"name": "Can view log entry", "content_type": 1, "codename": "view_logentry"}}, {"model": "auth.permission", "pk": 5, "fields": {"name": "Can add permission", "content_type": 2, "codename": "add_permission"}}, {"model": "auth.permission", "pk": 6, "fields": {"name": "Can change permission", "content_type": 2, "codename": "change_permission"}}, {"model": "auth.permission", "pk": 7, "fields": {"name": "Can delete permission", "content_type": 2, "codename": "delete_permission"}}, {"model": "auth.permission", "pk": 8, "fields": {"name": "Can view permission", "content_type": 2, "codename": "view_permission"}}, {"model": "auth.permission", "pk": 9, "fields": {"name": "Can add group", "content_type": 3, "codename": "add_group"}}, {"model": "auth.permission", "pk": 10, "fields": {"name": "Can change group", "content_type": 3, "codename": "change_group"}}, {"model": "auth.permission", "pk": 11, "fields": {"name": "Can delete group", "content_type": 3, "codename": "delete_group"}}, {"model": "auth.permission", "pk": 12, "fields": {"name": "Can view group", "content_type": 3, "codename": "view_group"}}, {"model": "auth.permission", "pk": 13, "fields": {"name": "Can add user", "content_type": 4, "codename": "add_user"}}, {"model": "auth.permission", "pk": 14, "fields": {"name": "Can change user", "content_type": 4, "codename": "change_user"}}, {"model": "auth.permission", "pk": 15, "fields": {"name": "Can delete user", "content_type": 4, "codename": "delete_user"}}, {"model": "auth.permission", "pk": 16, "fields": {"name": "Can view user", "content_type": 4, "codename": "view_user"}}, {"model": "auth.permission", "pk": 17, "fields": {"name": "Can add content type", "content_type": 5, "codename": "add_contenttype"}}, {"model": "auth.permission", "pk": 18, "fields": {"name": "Can change content type", "content_type": 5, "codename": "change_contenttype"}}, {"model": "auth.permission", "pk": 19, "fields": {"name": "Can delete content type", "content_type": 5, "codename": "delete_contenttype"}}, {"model": "auth.permission", "pk": 20, "fields": {"name": "Can view content type", "content_type": 5, "codename": "view_contenttype"}}, {"model": "auth.permission", "pk": 21, "fields": {"name": "Can add session", "content_type": 6, "codename": "add_session"}}, {"model": "auth.permission", "pk": 22, "fields": {"name": "Can change session", "content_type": 6, "codename": "change_session"}}, {"model": "auth.permission", "pk": 23, "fields": {"name": "Can delete session", "content_type": 6, "codename": "delete_session"}}, {"model": "auth.permission", "pk": 24, "fields": {"name": "Can view session", "content_type": 6, "codename": "view_session"}}, {"model": "auth.permission", "pk": 25, "fields": {"name": "Can add brand", "content_type": 7, "codename": "add_brand"}}, {"model": "auth.permission", "pk": 26, "fields": {"name": "Can change brand", "content_type": 7, "codename": "change_brand"}}, {"model": "auth.permission", "pk": 27, "fields": {"name": "Can delete brand", "content_type": 7, "codename": "delete_brand"}}, {"model": "auth.permission", "pk": 28, "fields": {"name": "Can view brand", "content_type": 7, "codename": "view_brand"}}, {"model": "auth.permission", "pk": 29, "fields": {"name": "Can add category", "content_type": 8, "codename": "add_category"}}, {"model": "auth.permission", "pk": 30, "fields": {"name": "Can change category", "content_type": 8, "codename": "change_category"}}, {"model": "auth.permission", "pk": 31, "fields": {"name": "Can delete category", "content_type": 8, "codename": "delete_category"}}, {"model": "auth.permission", "pk": 32, "fields": {"name": "Can view category", "content_type": 8, "codename": "view_category"}}, {"model": "auth.permission", "pk": 33, "fields": {"name": "Can add color", "content_type": 9, "codename": "add_color"}}, {"model": "auth.permission", "pk": 34, "fields": {"name": "Can change color", "content_type": 9, "codename": "change_color"}}, {"model": "auth.permission", "pk": 35, "fields": {"name": "Can delete color", "content_type": 9, "codename": "delete_color"}}, {"model": "auth.permission", "pk": 36, "fields": {"name": "Can view color", "content_type": 9, "codename": "view_color"}}, {"model": "auth.permission", "pk": 37, "fields": {"name": "Can add size", "content_type": 10, "codename": "add_size"}}, {"model": "auth.permission", "pk": 38, "fields": {"name": "Can change size", "content_type": 10, "codename": "change_size"}}, {"model": "auth.permission", "pk": 39, "fields": {"name": "Can delete size", "content_type": 10, "codename": "delete_size"}}, {"model": "auth.permission", "pk": 40, "fields": {"name": "Can view size", "content_type": 10, "codename": "view_size"}}, {"model": "auth.permission", "pk": 41, "fields": {"name": "Can add product", "content_type": 11, "codename": "add_product"}}, {"model": "auth.permission", "pk": 42, "fields": {"name": "Can change product", "content_type": 11, "codename": "change_product"}}, {"model": "auth.permission", "pk": 43, "fields": {"name": "Can delete product", "content_type": 11, "codename": "delete_product"}}, {"model": "auth.permission", "pk": 44, "fields": {"name": "Can view product", "content_type": 11, "codename": "view_product"}}, {"model": "auth.permission", "pk": 45, "fields": {"name": "Can add banner", "content_type": 12, "codename": "add_banner"}}, {"model": "auth.permission", "pk": 46, "fields": {"name": "Can change banner", "content_type": 12, "codename": "change_banner"}}, {"model": "auth.permission", "pk": 47, "fields": {"name": "Can delete banner", "content_type": 12, "codename": "delete_banner"}}, {"model": "auth.permission", "pk": 48, "fields": {"name": "Can view banner", "content_type": 12, "codename": "view_banner"}}, {"model": "auth.permission", "pk": 49, "fields": {"name": "Can add product attribute", "content_type": 13, "codename": "add_productattribute"}}, {"model": "auth.permission", "pk": 50, "fields": {"name": "Can change product attribute", "content_type": 13, "codename": "change_productattribute"}}, {"model": "auth.permission", "pk": 51, "fields": {"name": "Can delete product attribute", "content_type": 13, "codename": "delete_productattribute"}}, {"model": "auth.permission", "pk": 52, "fields": {"name": "Can view product attribute", "content_type": 13, "codename": "view_productattribute"}}, {"model": "auth.permission", "pk": 53, "fields": {"name": "Can add profile", "content_type": 14, "codename": "add_profile"}}, {"model": "auth.permission", "pk": 54, "fields": {"name": "Can change profile", "content_type": 14, "codename": "change_profile"}}, {"model": "auth.permission", "pk": 55, "fields": {"name": "Can delete profile", "content_type": 14, "codename": "delete_profile"}}, {"model": "auth.permission", "pk": 56, "fields": {"name": "Can view profile", "content_type": 14, "codename": "view_profile"}}, {"model": "auth.permission", "pk": 57, "fields": {"name": "Can add customer", "content_type": 15, "codename": "add_customer"}}, {"model": "auth.permission", "pk": 58, "fields": {"name": "Can change customer", "content_type": 15, "codename": "change_customer"}}, {"model": "auth.permission", "pk": 59, "fields": {"name": "Can delete customer", "content_type": 15, "codename": "delete_customer"}}, {"model": "auth.permission", "pk": 60, "fields": {"name": "Can view customer", "content_type": 15, "codename": "view_customer"}}, {"model": "auth.permission", "pk": 61, "fields": {"name": "Can add cart", "content_type": 16, "codename": "add_cart"}}, {"model": "auth.permission", "pk": 62, "fields": {"name": "Can change cart", "content_type": 16, "codename": "change_cart"}}, {"model": "auth.permission", "pk": 63, "fields": {"name": "Can delete cart", "content_type": 16, "codename": "delete_cart"}}, {"model": "auth.permission", "pk": 64, "fields": {"name": "Can view cart", "content_type": 16, "codename": "view_cart"}}, {"model": "auth.permission", "pk": 65, "fields": {"name": "Can add cart product", "content_type": 17, "codename": "add_cartproduct"}}, {"model": "auth.permission", "pk": 66, "fields": {"name": "Can change cart product", "content_type": 17, "codename": "change_cartproduct"}}, {"model": "auth.permission", "pk": 67, "fields": {"name": "Can delete cart product", "content_type": 17, "codename": "delete_cartproduct"}}, {"model": "auth.permission", "pk": 68, "fields": {"name": "Can view cart product", "content_type": 17, "codename": "view_cartproduct"}}, {"model": "auth.permission", "pk": 69, "fields": {"name": "Can add order", "content_type": 18, "codename": "add_order"}}, {"model": "auth.permission", "pk": 70, "fields": {"name": "Can change order", "content_type": 18, "codename": "change_order"}}, {"model": "auth.permission", "pk": 71, "fields": {"name": "Can delete order", "content_type": 18, "codename": "delete_order"}}, {"model": "auth.permission", "pk": 72, "fields": {"name": "Can view order", "content_type": 18, "codename": "view_order"}}, {"model": "auth.user", "pk": 1, "fields": {"password": "pbkdf2_sha256$150000$1bdohIv4c13Q$zQOigXdS4nlXyHPMqB7v0nfV3+DW+59ZqmIp0VZt4Og=", "last_login": "2021-05-03T07:02:57.282Z", "is_superuser": true, "username": "admin", "first_name": "", "last_name": "", "email": "", "is_staff": true, "is_active": true, "date_joined": "2021-04-14T11:25:03.045Z", "groups": [], "user_permissions": []}}, {"model": "auth.user", "pk": 2, "fields": {"password": "pbkdf2_sha256$150000$GUE6dP5WG5Qq$4XgsR1I9tadM6ThK6gSqG9mQqHUBWKhD/i16/T9nH7Q=", "last_login": "2021-04-16T05:32:04.671Z", "is_superuser": false, "username": "hatimp", "first_name": "", "last_name": "", "email": "", "is_staff": true, "is_active": true, "date_joined": "2021-04-15T05:42:54Z", "groups": [], "user_permissions": [48, 28, 32, 36, 44, 52, 40]}}, {"model": "auth.user", "pk": 8, "fields": {"password": "pbkdf2_sha256$150000$PHwXND1n8fQl$yQSMXBi+wFpn1ebxpgi99Er+71q+Cx1R5iwYzqztyjw=", "last_login": "2021-04-18T06:14:25.359Z", "is_superuser": false, "username": "john101", "first_name": "", "last_name": "", "email": "jd@gmail.com", "is_staff": false, "is_active": true, "date_joined": "2021-04-18T06:14:24.863Z", "groups": [], "user_permissions": []}}, {"model": "auth.user", "pk": 9, "fields": {"password": "pbkdf2_sha256$150000$10vsNqIe28xF$GmvLwlfWVUTWIHZq53dFTMyWL2M/POKOwWnJrYzk5d4=", "last_login": "2021-05-03T07:03:45.900Z", "is_superuser": false, "username": "jb101", "first_name": "", "last_name": "", "email": "jb@gmail.com", "is_staff": false, "is_active": true, "date_joined": "2021-04-21T09:56:47.444Z", "groups": [], "user_permissions": []}}, {"model": "auth.user", "pk": 10, "fields": {"password": "pbkdf2_sha256$150000$P20dvKoaXPJL$1DjpOshQjWsg6fAav3aQqfz8yz/a3FlBeLy48mTwJZc=", "last_login": "2021-04-22T06:57:02.085Z", "is_superuser": false, "username": "Munna001", "first_name": "", "last_name": "", "email": "munna@gmail.com", "is_staff": false, "is_active": true, "date_joined": "2021-04-21T11:26:58.237Z", "groups": [], "user_permissions": []}}, {"model": "auth.user", "pk": 12, "fields": {"password": "pbkdf2_sha256$150000$NhA5YP1E1rMs$eAu7Y1zbjF3BMqOojEosKIF1Nq1eFiGYzaE9cgF+WwU=", "last_login": "2021-04-22T11:56:52.610Z", "is_superuser": false, "username": "ronaldo07", "first_name": "", "last_name": "", "email": "cr7@gmail.com", "is_staff": false, "is_active": true, "date_joined": "2021-04-22T11:56:51.896Z", "groups": [], "user_permissions": []}}, {"model": "auth.user", "pk": 15, "fields": {"password": "pbkdf2_sha256$150000$S0kEGgoi7Srv$Ju/mj2ZP1ozWcOVCIETEUPDIRnruFNo8NhWYMKtszQI=", "last_login": "2021-04-30T06:41:25.136Z", "is_superuser": false, "username": "hatim01", "first_name": "", "last_name": "", "email": "howlett690@gmail.com", "is_staff": false, "is_active": true, "date_joined": "2021-04-23T11:29:08.299Z", "groups": [], "user_permissions": []}}, {"model": "auth.user", "pk": 19, "fields": {"password": "pbkdf2_sha256$150000$CcuwmlKTiOh1$I1flbTENF1CWEJc/CzW+48BPyH/dhXep0xNstQPjSVo=", "last_login": null, "is_superuser": false, "username": "stark07", "first_name": "", "last_name": "", "email": "ts@gmail.com", "is_staff": false, "is_active": true, "date_joined": "2021-04-29T10:37:06.300Z", "groups": [], "user_permissions": []}}, {"model": "auth.user", "pk": 22, "fields": {"password": "pbkdf2_sha256$150000$A4ay7RzxnRGq$1w1ThZxzmdaEGCc3KCgrUrkdMdvYA4eBa9qCktoOP+0=", "last_login": "2021-05-03T06:32:19.709Z", "is_superuser": false, "username": "bucky01", "first_name": "", "last_name": "", "email": "ws@gmail.com", "is_staff": false, "is_active": true, "date_joined": "2021-04-30T07:27:28.304Z", "groups": [], "user_permissions": []}}, {"model": "auth.user", "pk": 23, "fields": {"password": "pbkdf2_sha256$150000$KktCgquLrtRz$SBQlwGSWURdy8wb/Cwzjpmmr4UcZalOw9ZuPXMaW3WA=", "last_login": "2021-05-03T06:33:45.332Z", "is_superuser": false, "username": "Barry01", "first_name": "", "last_name": "", "email": "ba@yahoo.com", "is_staff": false, "is_active": true, "date_joined": "2021-05-03T06:33:11.381Z", "groups": [], "user_permissions": []}}, {"model": "main.customer", "pk": 1, "fields": {"user": 9, "full_name": "James Bond", "address": "Baker Street, London", "joined_on": "2021-04-21T09:56:48.280Z"}}, {"model": "main.customer", "pk": 2, "fields": {"user": 10, "full_name": "Munna Bhai", "address": "Gali No. 420, Mumbai", "joined_on": "2021-04-21T11:26:59.115Z"}}, {"model": "main.customer", "pk": 4, "fields": {"user": 12, "full_name": "Cristiano Ronaldo", "address": "Portugal", "joined_on": "2021-04-22T11:56:52.723Z"}}, {"model": "main.customer", "pk": 7, "fields": {"user": 15, "full_name": "Hatim Patrawala", "address": "Gujarat, India", "joined_on": "2021-04-23T11:29:08.849Z"}}, {"model": "main.customer", "pk": 9, "fields": {"user": 19, "full_name": "Tony Stark", "address": "Malibu, California", "joined_on": "2021-04-29T10:37:06.987Z"}}, {"model": "main.customer", "pk": 12, "fields": {"user": 22, "full_name": "James Barnes", "address": "Brooklyn, New York", "joined_on": "2021-04-30T07:27:28.799Z"}}, {"model": "main.customer", "pk": 13, "fields": {"user": 23, "full_name": "Barry Allen", "address": "Central City, New York", "joined_on": "2021-05-03T06:33:12.066Z"}}, {"model": "admin.logentry", "pk": 1, "fields": {"action_time": "2021-04-14T11:34:08.349Z", "user": 1, "content_type": 8, "object_id": "1", "object_repr": "sports", "action_flag": 1, "change_message": "[{\"added\": {}}]"}}, {"model": "admin.logentry", "pk": 2, "fields": {"action_time": "2021-04-14T11:35:43.204Z", "user": 1, "content_type": 7, "object_id": "1", "object_repr": "milton", "action_flag": 1, "change_message": "[{\"added\": {}}]"}}, {"model": "admin.logentry", "pk": 3, "fields": {"action_time": "2021-04-14T11:35:55.447Z", "user": 1, "content_type": 9, "object_id": "1", "object_repr": "Black", "action_flag": 1, "change_message": "[{\"added\": {}}]"}}, {"model": "admin.logentry", "pk": 4, "fields": {"action_time": "2021-04-14T11:36:20.016Z", "user": 1, "content_type": 10, "object_id": "1", "object_repr": "900ml", "action_flag": 1, "change_message": "[{\"added\": {}}]"}}, {"model": "admin.logentry", "pk": 5, "fields": {"action_time": "2021-04-14T11:47:24.970Z", "user": 1, "content_type": 11, "object_id": "1", "object_repr": "Milton Bottle", "action_flag": 1, "change_message": "[{\"added\": {}}]"}}, {"model": "admin.logentry", "pk": 6, "fields": {"action_time": "2021-04-14T12:39:18.426Z", "user": 1, "content_type": 13, "object_id": "1", "object_repr": "Milton Bottle", "action_flag": 1, "change_message": "[{\"added\": {}}]"}}, {"model": "admin.logentry", "pk": 7, "fields": {"action_time": "2021-04-15T05:04:36.355Z", "user": 1, "content_type": 8, "object_id": "1", "object_repr": "sports", "action_flag": 2, "change_message": "[{\"changed\": {\"fields\": [\"image\"]}}]"}}, {"model": "admin.logentry", "pk": 8, "fields": {"action_time": "2021-04-15T05:25:36.522Z", "user": 1, "content_type": 8, "object_id": "2", "object_repr": "Office", "action_flag": 1, "change_message": "[{\"added\": {}}]"}}, {"model": "admin.logentry", "pk": 9, "fields": {"action_time": "2021-04-15T05:36:56.434Z", "user": 1, "content_type": 7, "object_id": "1", "object_repr": "milton", "action_flag": 2, "change_message": "[{\"changed\": {\"fields\": [\"image\"]}}]"}}, {"model": "admin.logentry", "pk": 10, "fields": {"action_time": "2021-04-15T05:37:06.568Z", "user": 1, "content_type": 7, "object_id": "2", "object_repr": "Nike", "action_flag": 1, "change_message": "[{\"added\": {}}]"}}, {"model": "admin.logentry", "pk": 11, "fields": {"action_time": "2021-04-15T05:42:55.111Z", "user": 1, "content_type": 4, "object_id": "2", "object_repr": "hatimp", "action_flag": 1, "change_message": "[{\"added\": {}}]"}}, {"model": "admin.logentry", "pk": 12, "fields": {"action_time": "2021-04-15T05:44:29.486Z", "user": 1, "content_type": 4, "object_id": "2", "object_repr": "hatimp", "action_flag": 2, "change_message": "[{\"changed\": {\"fields\": [\"is_staff\"]}}]"}}, {"model": "admin.logentry", "pk": 13, "fields": {"action_time": "2021-04-15T06:24:30.824Z", "user": 1, "content_type": 8, "object_id": "3", "object_repr": "sports", "action_flag": 1, "change_message": "[{\"added\": {}}]"}}, {"model": "admin.logentry", "pk": 14, "fields": {"action_time": "2021-04-15T07:15:50.813Z", "user": 1, "content_type": 8, "object_id": "1", "object_repr": "sports", "action_flag": 3, "change_message": ""}}, {"model": "admin.logentry", "pk": 15, "fields": {"action_time": "2021-04-15T07:27:24.869Z", "user": 1, "content_type": 9, "object_id": "2", "object_repr": "Red", "action_flag": 1, "change_message": "[{\"added\": {}}]"}}, {"model": "admin.logentry", "pk": 16, "fields": {"action_time": "2021-04-15T10:18:35.313Z", "user": 1, "content_type": 9, "object_id": "3", "object_repr": "Pink", "action_flag": 1, "change_message": "[{\"added\": {}}]"}}, {"model": "admin.logentry", "pk": 17, "fields": {"action_time": "2021-04-15T10:19:03.933Z", "user": 1, "content_type": 11, "object_id": "2", "object_repr": "Item1", "action_flag": 1, "change_message": "[{\"added\": {}}]"}}, {"model": "admin.logentry", "pk": 18, "fields": {"action_time": "2021-04-15T11:00:25.005Z", "user": 1, "content_type": 11, "object_id": "2", "object_repr": "Item1", "action_flag": 2, "change_message": "[{\"changed\": {\"fields\": [\"image\"]}}]"}}, {"model": "admin.logentry", "pk": 19, "fields": {"action_time": "2021-04-15T11:12:11.499Z", "user": 1, "content_type": 9, "object_id": "4", "object_repr": "Blue", "action_flag": 1, "change_message": "[{\"added\": {}}]"}}, {"model": "admin.logentry", "pk": 20, "fields": {"action_time": "2021-04-15T11:12:37.779Z", "user": 1, "content_type": 10, "object_id": "2", "object_repr": "8/9/10/11/12", "action_flag": 1, "change_message": "[{\"added\": {}}]"}}, {"model": "admin.logentry", "pk": 21, "fields": {"action_time": "2021-04-15T11:12:42.518Z", "user": 1, "content_type": 11, "object_id": "3", "object_repr": "Nike AirMax", "action_flag": 1, "change_message": "[{\"added\": {}}]"}}, {"model": "admin.logentry", "pk": 22, "fields": {"action_time": "2021-04-15T11:13:28.194Z", "user": 1, "content_type": 13, "object_id": "2", "object_repr": "Nike AirMax", "action_flag": 1, "change_message": "[{\"added\": {}}]"}}, {"model": "admin.logentry", "pk": 23, "fields": {"action_time": "2021-04-15T11:14:04.036Z", "user": 1, "content_type": 11, "object_id": "2", "object_repr": "Milton Bottle", "action_flag": 2, "change_message": "[{\"changed\": {\"fields\": [\"title\", \"slug\"]}}]"}}, {"model": "admin.logentry", "pk": 24, "fields": {"action_time": "2021-04-15T11:16:04.097Z", "user": 1, "content_type": 7, "object_id": "3", "object_repr": "Reebok", "action_flag": 1, "change_message": "[{\"added\": {}}]"}}, {"model": "admin.logentry", "pk": 25, "fields": {"action_time": "2021-04-15T11:16:48.683Z", "user": 1, "content_type": 11, "object_id": "2", "object_repr": "Milton Bottle", "action_flag": 2, "change_message": "[{\"changed\": {\"fields\": [\"brand\", \"color\"]}}]"}}, {"model": "admin.logentry", "pk": 26, "fields": {"action_time": "2021-04-15T11:17:44.010Z", "user": 1, "content_type": 11, "object_id": "2", "object_repr": "Reebok bottle", "action_flag": 2, "change_message": "[{\"changed\": {\"fields\": [\"title\", \"slug\", \"details\", \"specs\"]}}]"}}, {"model": "admin.logentry", "pk": 27, "fields": {"action_time": "2021-04-15T11:18:05.125Z", "user": 1, "content_type": 13, "object_id": "3", "object_repr": "Reebok bottle", "action_flag": 1, "change_message": "[{\"added\": {}}]"}}, {"model": "admin.logentry", "pk": 28, "fields": {"action_time": "2021-04-15T11:23:34.115Z", "user": 1, "content_type": 9, "object_id": "5", "object_repr": "Silver", "action_flag": 1, "change_message": "[{\"added\": {}}]"}}, {"model": "admin.logentry", "pk": 29, "fields": {"action_time": "2021-04-15T11:23:49.391Z", "user": 1, "content_type": 10, "object_id": "3", "object_repr": "1 Litre", "action_flag": 1, "change_message": "[{\"added\": {}}]"}}, {"model": "admin.logentry", "pk": 30, "fields": {"action_time": "2021-04-15T11:23:58.706Z", "user": 1, "content_type": 11, "object_id": "4", "object_repr": "Milton Bottle", "action_flag": 1, "change_message": "[{\"added\": {}}]"}}, {"model": "admin.logentry", "pk": 31, "fields": {"action_time": "2021-04-15T11:24:44.455Z", "user": 1, "content_type": 13, "object_id": "4", "object_repr": "Milton Bottle", "action_flag": 1, "change_message": "[{\"added\": {}}]"}}, {"model": "admin.logentry", "pk": 32, "fields": {"action_time": "2021-04-16T05:01:44.568Z", "user": 1, "content_type": 4, "object_id": "2", "object_repr": "hatimp", "action_flag": 2, "change_message": "[{\"changed\": {\"fields\": [\"user_permissions\"]}}]"}}, {"model": "admin.logentry", "pk": 33, "fields": {"action_time": "2021-04-16T05:02:52.875Z", "user": 1, "content_type": 4, "object_id": "2", "object_repr": "hatimp", "action_flag": 2, "change_message": "[{\"changed\": {\"fields\": [\"user_permissions\"]}}]"}}, {"model": "admin.logentry", "pk": 34, "fields": {"action_time": "2021-04-16T06:41:23.302Z", "user": 1, "content_type": 10, "object_id": "4", "object_repr": "8-10", "action_flag": 1, "change_message": "[{\"added\": {}}]"}}, {"model": "admin.logentry", "pk": 35, "fields": {"action_time": "2021-04-16T06:41:32.628Z", "user": 1, "content_type": 11, "object_id": "5", "object_repr": "Reebok Shoes", "action_flag": 1, "change_message": "[{\"added\": {}}]"}}, {"model": "admin.logentry", "pk": 36, "fields": {"action_time": "2021-04-16T06:43:15.105Z", "user": 1, "content_type": 13, "object_id": "5", "object_repr": "Reebok Shoes", "action_flag": 1, "change_message": "[{\"added\": {}}]"}}, {"model": "admin.logentry", "pk": 37, "fields": {"action_time": "2021-04-16T07:04:41.197Z", "user": 1, "content_type": 11, "object_id": "4", "object_repr": "Milton Bottle", "action_flag": 2, "change_message": "[{\"changed\": {\"fields\": [\"is_featured\"]}}]"}}, {"model": "admin.logentry", "pk": 38, "fields": {"action_time": "2021-04-16T07:04:41.473Z", "user": 1, "content_type": 11, "object_id": "3", "object_repr": "Nike AirMax", "action_flag": 2, "change_message": "[{\"changed\": {\"fields\": [\"is_featured\"]}}]"}}, {"model": "admin.logentry", "pk": 39, "fields": {"action_time": "2021-04-16T07:04:41.695Z", "user": 1, "content_type": 11, "object_id": "2", "object_repr": "Reebok bottle", "action_flag": 2, "change_message": "[{\"changed\": {\"fields\": [\"is_featured\"]}}]"}}, {"model": "admin.logentry", "pk": 40, "fields": {"action_time": "2021-04-16T07:04:50.065Z", "user": 1, "content_type": 11, "object_id": "4", "object_repr": "Milton Bottle", "action_flag": 2, "change_message": "[{\"changed\": {\"fields\": [\"is_featured\"]}}]"}}, {"model": "admin.logentry", "pk": 41, "fields": {"action_time": "2021-04-16T07:04:50.307Z", "user": 1, "content_type": 11, "object_id": "3", "object_repr": "Nike AirMax", "action_flag": 2, "change_message": "[{\"changed\": {\"fields\": [\"is_featured\"]}}]"}}, {"model": "admin.logentry", "pk": 42, "fields": {"action_time": "2021-04-16T07:04:50.674Z", "user": 1, "content_type": 11, "object_id": "2", "object_repr": "Reebok bottle", "action_flag": 2, "change_message": "[{\"changed\": {\"fields\": [\"is_featured\"]}}]"}}, {"model": "admin.logentry", "pk": 43, "fields": {"action_time": "2021-04-16T07:10:14.305Z", "user": 1, "content_type": 11, "object_id": "4", "object_repr": "Milton Bottle", "action_flag": 2, "change_message": "[{\"changed\": {\"fields\": [\"is_featured\"]}}]"}}, {"model": "admin.logentry", "pk": 44, "fields": {"action_time": "2021-04-16T07:22:41.791Z", "user": 1, "content_type": 12, "object_id": "1", "object_repr": "Banner object (1)", "action_flag": 1, "change_message": "[{\"added\": {}}]"}}, {"model": "admin.logentry", "pk": 45, "fields": {"action_time": "2021-04-16T07:24:05.885Z", "user": 1, "content_type": 12, "object_id": "2", "object_repr": "Banner object (2)", "action_flag": 1, "change_message": "[{\"added\": {}}]"}}, {"model": "admin.logentry", "pk": 46, "fields": {"action_time": "2021-04-16T07:24:21.408Z", "user": 1, "content_type": 12, "object_id": "3", "object_repr": "Banner object (3)", "action_flag": 1, "change_message": "[{\"added\": {}}]"}}, {"model": "admin.logentry", "pk": 47, "fields": {"action_time": "2021-04-16T07:25:27.866Z", "user": 1, "content_type": 12, "object_id": "4", "object_repr": "Banner object (4)", "action_flag": 1, "change_message": "[{\"added\": {}}]"}}, {"model": "admin.logentry", "pk": 48, "fields": {"action_time": "2021-04-16T09:04:53.227Z", "user": 1, "content_type": 9, "object_id": "6", "object_repr": "Black", "action_flag": 1, "change_message": "[{\"added\": {}}]"}}, {"model": "admin.logentry", "pk": 49, "fields": {"action_time": "2021-04-16T09:05:08.198Z", "user": 1, "content_type": 11, "object_id": "5", "object_repr": "Reebok Shoes", "action_flag": 2, "change_message": "[]"}}, {"model": "admin.logentry", "pk": 50, "fields": {"action_time": "2021-04-16T09:07:32.379Z", "user": 1, "content_type": 13, "object_id": "6", "object_repr": "Reebok Shoes", "action_flag": 1, "change_message": "[{\"added\": {}}]"}}, {"model": "admin.logentry", "pk": 51, "fields": {"action_time": "2021-04-16T09:08:32.033Z", "user": 1, "content_type": 13, "object_id": "6", "object_repr": "Reebok Shoes", "action_flag": 2, "change_message": "[{\"changed\": {\"fields\": [\"size\"]}}]"}}, {"model": "admin.logentry", "pk": 52, "fields": {"action_time": "2021-04-16T09:27:45.446Z", "user": 1, "content_type": 13, "object_id": "6", "object_repr": "Reebok Shoes", "action_flag": 2, "change_message": "[{\"changed\": {\"fields\": [\"image\"]}}]"}}, {"model": "admin.logentry", "pk": 53, "fields": {"action_time": "2021-04-16T09:30:16.462Z", "user": 1, "content_type": 13, "object_id": "6", "object_repr": "Reebok Shoes", "action_flag": 2, "change_message": "[{\"changed\": {\"fields\": [\"image\"]}}]"}}, {"model": "admin.logentry", "pk": 54, "fields": {"action_time": "2021-04-16T09:31:32.773Z", "user": 1, "content_type": 13, "object_id": "5", "object_repr": "Reebok Shoes", "action_flag": 2, "change_message": "[{\"changed\": {\"fields\": [\"image\"]}}]"}}, {"model": "admin.logentry", "pk": 55, "fields": {"action_time": "2021-04-16T09:32:01.308Z", "user": 1, "content_type": 13, "object_id": "4", "object_repr": "Milton Bottle", "action_flag": 2, "change_message": "[{\"changed\": {\"fields\": [\"image\"]}}]"}}, {"model": "admin.logentry", "pk": 56, "fields": {"action_time": "2021-04-16T09:32:18.301Z", "user": 1, "content_type": 13, "object_id": "3", "object_repr": "Reebok bottle", "action_flag": 2, "change_message": "[{\"changed\": {\"fields\": [\"image\"]}}]"}}, {"model": "admin.logentry", "pk": 57, "fields": {"action_time": "2021-04-16T09:32:35.598Z", "user": 1, "content_type": 13, "object_id": "2", "object_repr": "Nike AirMax", "action_flag": 2, "change_message": "[{\"changed\": {\"fields\": [\"image\"]}}]"}}, {"model": "admin.logentry", "pk": 58, "fields": {"action_time": "2021-04-16T09:33:53.293Z", "user": 1, "content_type": 13, "object_id": "6", "object_repr": "Reebok Shoes", "action_flag": 2, "change_message": "[{\"changed\": {\"fields\": [\"color\"]}}]"}}, {"model": "admin.logentry", "pk": 59, "fields": {"action_time": "2021-04-16T09:34:00.876Z", "user": 1, "content_type": 13, "object_id": "5", "object_repr": "Reebok Shoes", "action_flag": 2, "change_message": "[{\"changed\": {\"fields\": [\"color\"]}}]"}}, {"model": "admin.logentry", "pk": 60, "fields": {"action_time": "2021-04-16T09:34:13.851Z", "user": 1, "content_type": 13, "object_id": "4", "object_repr": "Milton Bottle", "action_flag": 2, "change_message": "[{\"changed\": {\"fields\": [\"image\"]}}]"}}, {"model": "admin.logentry", "pk": 61, "fields": {"action_time": "2021-04-16T09:49:25.298Z", "user": 1, "content_type": 8, "object_id": "3", "object_repr": "sports", "action_flag": 3, "change_message": ""}}, {"model": "admin.logentry", "pk": 62, "fields": {"action_time": "2021-04-16T09:49:25.417Z", "user": 1, "content_type": 8, "object_id": "2", "object_repr": "Office", "action_flag": 3, "change_message": ""}}, {"model": "admin.logentry", "pk": 63, "fields": {"action_time": "2021-04-16T09:49:37.212Z", "user": 1, "content_type": 7, "object_id": "3", "object_repr": "Reebok", "action_flag": 3, "change_message": ""}}, {"model": "admin.logentry", "pk": 64, "fields": {"action_time": "2021-04-16T09:49:37.374Z", "user": 1, "content_type": 7, "object_id": "2", "object_repr": "Nike", "action_flag": 3, "change_message": ""}}, {"model": "admin.logentry", "pk": 65, "fields": {"action_time": "2021-04-16T09:49:37.559Z", "user": 1, "content_type": 7, "object_id": "1", "object_repr": "milton", "action_flag": 3, "change_message": ""}}, {"model": "admin.logentry", "pk": 66, "fields": {"action_time": "2021-04-16T09:49:57.005Z", "user": 1, "content_type": 10, "object_id": "4", "object_repr": "8-10", "action_flag": 3, "change_message": ""}}, {"model": "admin.logentry", "pk": 67, "fields": {"action_time": "2021-04-16T09:49:57.176Z", "user": 1, "content_type": 10, "object_id": "3", "object_repr": "1 Litre", "action_flag": 3, "change_message": ""}}, {"model": "admin.logentry", "pk": 68, "fields": {"action_time": "2021-04-16T09:49:57.375Z", "user": 1, "content_type": 10, "object_id": "2", "object_repr": "8/9/10/11/12", "action_flag": 3, "change_message": ""}}, {"model": "admin.logentry", "pk": 69, "fields": {"action_time": "2021-04-16T09:49:57.497Z", "user": 1, "content_type": 10, "object_id": "1", "object_repr": "900ml", "action_flag": 3, "change_message": ""}}, {"model": "admin.logentry", "pk": 70, "fields": {"action_time": "2021-04-16T09:50:47.432Z", "user": 1, "content_type": 8, "object_id": "4", "object_repr": "Shoes", "action_flag": 1, "change_message": "[{\"added\": {}}]"}}, {"model": "admin.logentry", "pk": 71, "fields": {"action_time": "2021-04-16T09:52:35.133Z", "user": 1, "content_type": 8, "object_id": "5", "object_repr": "Bottles", "action_flag": 1, "change_message": "[{\"added\": {}}]"}}, {"model": "admin.logentry", "pk": 72, "fields": {"action_time": "2021-04-16T09:53:54.395Z", "user": 1, "content_type": 7, "object_id": "4", "object_repr": "Reebok", "action_flag": 1, "change_message": "[{\"added\": {}}]"}}, {"model": "admin.logentry", "pk": 73, "fields": {"action_time": "2021-04-16T09:55:08.296Z", "user": 1, "content_type": 7, "object_id": "5", "object_repr": "Nike", "action_flag": 1, "change_message": "[{\"added\": {}}]"}}, {"model": "admin.logentry", "pk": 74, "fields": {"action_time": "2021-04-16T09:56:16.081Z", "user": 1, "content_type": 7, "object_id": "6", "object_repr": "Milton", "action_flag": 1, "change_message": "[{\"added\": {}}]"}}, {"model": "admin.logentry", "pk": 75, "fields": {"action_time": "2021-04-16T09:57:16.803Z", "user": 1, "content_type": 11, "object_id": "6", "object_repr": "Reebok Shoes - Black", "action_flag": 1, "change_message": "[{\"added\": {}}]"}}, {"model": "admin.logentry", "pk": 76, "fields": {"action_time": "2021-04-16T09:59:18.502Z", "user": 1, "content_type": 11, "object_id": "7", "object_repr": "Reebok Shoes - Red", "action_flag": 1, "change_message": "[{\"added\": {}}]"}}, {"model": "admin.logentry", "pk": 77, "fields": {"action_time": "2021-04-16T09:59:44.445Z", "user": 1, "content_type": 11, "object_id": "8", "object_repr": "Milton Bottle", "action_flag": 1, "change_message": "[{\"added\": {}}]"}}, {"model": "admin.logentry", "pk": 78, "fields": {"action_time": "2021-04-16T10:00:08.968Z", "user": 1, "content_type": 11, "object_id": "9", "object_repr": "Nike AirMax", "action_flag": 1, "change_message": "[{\"added\": {}}]"}}, {"model": "admin.logentry", "pk": 79, "fields": {"action_time": "2021-04-16T10:01:13.009Z", "user": 1, "content_type": 8, "object_id": "6", "object_repr": "Sports", "action_flag": 1, "change_message": "[{\"added\": {}}]"}}, {"model": "admin.logentry", "pk": 80, "fields": {"action_time": "2021-04-16T10:02:47.552Z", "user": 1, "content_type": 11, "object_id": "10", "object_repr": "Nike Football", "action_flag": 1, "change_message": "[{\"added\": {}}]"}}, {"model": "admin.logentry", "pk": 81, "fields": {"action_time": "2021-04-16T10:03:17.343Z", "user": 1, "content_type": 10, "object_id": "5", "object_repr": "8 - 10", "action_flag": 1, "change_message": "[{\"added\": {}}]"}}, {"model": "admin.logentry", "pk": 82, "fields": {"action_time": "2021-04-16T10:03:36.254Z", "user": 1, "content_type": 13, "object_id": "7", "object_repr": "Reebok Shoes - Black", "action_flag": 1, "change_message": "[{\"added\": {}}]"}}, {"model": "admin.logentry", "pk": 83, "fields": {"action_time": "2021-04-16T10:04:00.512Z", "user": 1, "content_type": 10, "object_id": "6", "object_repr": "8 - 12", "action_flag": 1, "change_message": "[{\"added\": {}}]"}}, {"model": "admin.logentry", "pk": 84, "fields": {"action_time": "2021-04-16T10:04:07.916Z", "user": 1, "content_type": 10, "object_id": "6", "object_repr": "7 - 12", "action_flag": 2, "change_message": "[{\"changed\": {\"fields\": [\"title\"]}}]"}}, {"model": "admin.logentry", "pk": 85, "fields": {"action_time": "2021-04-16T10:04:39.758Z", "user": 1, "content_type": 13, "object_id": "8", "object_repr": "Reebok Shoes - Red", "action_flag": 1, "change_message": "[{\"added\": {}}]"}}, {"model": "admin.logentry", "pk": 86, "fields": {"action_time": "2021-04-16T10:04:58.860Z", "user": 1, "content_type": 10, "object_id": "7", "object_repr": "900ml", "action_flag": 1, "change_message": "[{\"added\": {}}]"}}, {"model": "admin.logentry", "pk": 87, "fields": {"action_time": "2021-04-16T10:05:25.893Z", "user": 1, "content_type": 13, "object_id": "9", "object_repr": "Milton Bottle", "action_flag": 1, "change_message": "[{\"added\": {}}]"}}, {"model": "admin.logentry", "pk": 88, "fields": {"action_time": "2021-04-16T10:07:29.268Z", "user": 1, "content_type": 13, "object_id": "10", "object_repr": "Nike AirMax", "action_flag": 1, "change_message": "[{\"added\": {}}]"}}, {"model": "admin.logentry", "pk": 89, "fields": {"action_time": "2021-04-16T10:08:08.894Z", "user": 1, "content_type": 9, "object_id": "7", "object_repr": "White", "action_flag": 1, "change_message": "[{\"added\": {}}]"}}, {"model": "admin.logentry", "pk": 90, "fields": {"action_time": "2021-04-16T10:08:19.742Z", "user": 1, "content_type": 10, "object_id": "8", "object_repr": "Standard", "action_flag": 1, "change_message": "[{\"added\": {}}]"}}, {"model": "admin.logentry", "pk": 91, "fields": {"action_time": "2021-04-16T10:08:28.641Z", "user": 1, "content_type": 13, "object_id": "11", "object_repr": "Nike Football", "action_flag": 1, "change_message": "[{\"added\": {}}]"}}, {"model": "admin.logentry", "pk": 92, "fields": {"action_time": "2021-04-18T04:08:07.651Z", "user": 1, "content_type": 4, "object_id": "3", "object_repr": "hp001", "action_flag": 3, "change_message": ""}}, {"model": "admin.logentry", "pk": 93, "fields": {"action_time": "2021-04-18T04:09:41.529Z", "user": 1, "content_type": 4, "object_id": "4", "object_repr": "hatimP", "action_flag": 3, "change_message": ""}}, {"model": "admin.logentry", "pk": 94, "fields": {"action_time": "2021-04-18T04:13:52.759Z", "user": 1, "content_type": 4, "object_id": "5", "object_repr": "jb101", "action_flag": 3, "change_message": ""}}, {"model": "admin.logentry", "pk": 95, "fields": {"action_time": "2021-04-18T04:18:57.723Z", "user": 1, "content_type": 4, "object_id": "6", "object_repr": "jb101", "action_flag": 3, "change_message": ""}}, {"model": "admin.logentry", "pk": 96, "fields": {"action_time": "2021-04-19T09:07:41.113Z", "user": 1, "content_type": 8, "object_id": "7", "object_repr": "Shirt", "action_flag": 1, "change_message": "[{\"added\": {}}]"}}, {"model": "admin.logentry", "pk": 97, "fields": {"action_time": "2021-04-19T09:08:02.067Z", "user": 1, "content_type": 7, "object_id": "7", "object_repr": "Puma", "action_flag": 1, "change_message": "[{\"added\": {}}]"}}, {"model": "admin.logentry", "pk": 98, "fields": {"action_time": "2021-04-19T09:08:06.346Z", "user": 1, "content_type": 11, "object_id": "11", "object_repr": "Puma Shirt - Blue", "action_flag": 1, "change_message": "[{\"added\": {}}]"}}, {"model": "admin.logentry", "pk": 99, "fields": {"action_time": "2021-04-19T09:08:54.535Z", "user": 1, "content_type": 10, "object_id": "9", "object_repr": "32-40", "action_flag": 1, "change_message": "[{\"added\": {}}]"}}, {"model": "admin.logentry", "pk": 100, "fields": {"action_time": "2021-04-19T09:09:13.251Z", "user": 1, "content_type": 13, "object_id": "12", "object_repr": "Puma Shirt - Blue", "action_flag": 1, "change_message": "[{\"added\": {}}]"}}, {"model": "admin.logentry", "pk": 101, "fields": {"action_time": "2021-04-20T08:45:30.929Z", "user": 1, "content_type": 16, "object_id": "8", "object_repr": "Cart: 8", "action_flag": 3, "change_message": ""}}, {"model": "admin.logentry", "pk": 102, "fields": {"action_time": "2021-04-20T08:45:31.027Z", "user": 1, "content_type": 16, "object_id": "7", "object_repr": "Cart: 7", "action_flag": 3, "change_message": ""}}, {"model": "admin.logentry", "pk": 103, "fields": {"action_time": "2021-04-20T08:45:31.137Z", "user": 1, "content_type": 16, "object_id": "6", "object_repr": "Cart: 6", "action_flag": 3, "change_message": ""}}, {"model": "admin.logentry", "pk": 104, "fields": {"action_time": "2021-04-20T08:45:31.290Z", "user": 1, "content_type": 16, "object_id": "5", "object_repr": "Cart: 5", "action_flag": 3, "change_message": ""}}, {"model": "admin.logentry", "pk": 105, "fields": {"action_time": "2021-04-20T08:45:31.492Z", "user": 1, "content_type": 16, "object_id": "4", "object_repr": "Cart: 4", "action_flag": 3, "change_message": ""}}, {"model": "admin.logentry", "pk": 106, "fields": {"action_time": "2021-04-20T08:45:31.725Z", "user": 1, "content_type": 16, "object_id": "3", "object_repr": "Cart: 3", "action_flag": 3, "change_message": ""}}, {"model": "admin.logentry", "pk": 107, "fields": {"action_time": "2021-04-20T08:45:31.912Z", "user": 1, "content_type": 16, "object_id": "2", "object_repr": "Cart: 2", "action_flag": 3, "change_message": ""}}, {"model": "admin.logentry", "pk": 108, "fields": {"action_time": "2021-04-20T08:45:32.065Z", "user": 1, "content_type": 16, "object_id": "1", "object_repr": "Cart: 1", "action_flag": 3, "change_message": ""}}, {"model": "admin.logentry", "pk": 109, "fields": {"action_time": "2021-04-20T11:05:06.630Z", "user": 1, "content_type": 11, "object_id": "11", "object_repr": "Puma Shirt - Blue", "action_flag": 2, "change_message": "[{\"changed\": {\"fields\": [\"price\"]}}]"}}, {"model": "admin.logentry", "pk": 110, "fields": {"action_time": "2021-04-20T11:05:34.503Z", "user": 1, "content_type": 11, "object_id": "10", "object_repr": "Nike Football", "action_flag": 2, "change_message": "[{\"changed\": {\"fields\": [\"price\"]}}]"}}, {"model": "admin.logentry", "pk": 111, "fields": {"action_time": "2021-04-20T11:05:41.570Z", "user": 1, "content_type": 11, "object_id": "9", "object_repr": "Nike AirMax", "action_flag": 2, "change_message": "[{\"changed\": {\"fields\": [\"price\"]}}]"}}, {"model": "admin.logentry", "pk": 112, "fields": {"action_time": "2021-04-20T11:05:50.173Z", "user": 1, "content_type": 11, "object_id": "8", "object_repr": "Milton Bottle", "action_flag": 2, "change_message": "[{\"changed\": {\"fields\": [\"price\"]}}]"}}, {"model": "admin.logentry", "pk": 113, "fields": {"action_time": "2021-04-20T11:05:58.024Z", "user": 1, "content_type": 11, "object_id": "7", "object_repr": "Reebok Shoes - Red", "action_flag": 2, "change_message": "[{\"changed\": {\"fields\": [\"price\"]}}]"}}, {"model": "admin.logentry", "pk": 114, "fields": {"action_time": "2021-04-20T11:06:08.510Z", "user": 1, "content_type": 11, "object_id": "6", "object_repr": "Reebok Shoes - Black", "action_flag": 2, "change_message": "[{\"changed\": {\"fields\": [\"price\"]}}]"}}, {"model": "admin.logentry", "pk": 115, "fields": {"action_time": "2021-04-20T11:23:50.286Z", "user": 1, "content_type": 16, "object_id": "13", "object_repr": "Cart: 13", "action_flag": 3, "change_message": ""}}, {"model": "admin.logentry", "pk": 116, "fields": {"action_time": "2021-04-20T11:23:50.420Z", "user": 1, "content_type": 16, "object_id": "12", "object_repr": "Cart: 12", "action_flag": 3, "change_message": ""}}, {"model": "admin.logentry", "pk": 117, "fields": {"action_time": "2021-04-20T11:23:50.518Z", "user": 1, "content_type": 16, "object_id": "11", "object_repr": "Cart: 11", "action_flag": 3, "change_message": ""}}, {"model": "admin.logentry", "pk": 118, "fields": {"action_time": "2021-04-20T11:23:50.685Z", "user": 1, "content_type": 16, "object_id": "10", "object_repr": "Cart: 10", "action_flag": 3, "change_message": ""}}, {"model": "admin.logentry", "pk": 119, "fields": {"action_time": "2021-04-20T11:23:50.805Z", "user": 1, "content_type": 16, "object_id": "9", "object_repr": "Cart: 9", "action_flag": 3, "change_message": ""}}, {"model": "admin.logentry", "pk": 120, "fields": {"action_time": "2021-04-21T09:56:39.164Z", "user": 1, "content_type": 4, "object_id": "7", "object_repr": "jb101", "action_flag": 3, "change_message": ""}}, {"model": "admin.logentry", "pk": 121, "fields": {"action_time": "2021-04-21T10:50:09.687Z", "user": 1, "content_type": 16, "object_id": "23", "object_repr": "Cart: 23", "action_flag": 3, "change_message": ""}}, {"model": "admin.logentry", "pk": 122, "fields": {"action_time": "2021-04-21T10:50:09.810Z", "user": 1, "content_type": 16, "object_id": "22", "object_repr": "Cart: 22", "action_flag": 3, "change_message": ""}}, {"model": "admin.logentry", "pk": 123, "fields": {"action_time": "2021-04-21T10:50:09.922Z", "user": 1, "content_type": 16, "object_id": "21", "object_repr": "Cart: 21", "action_flag": 3, "change_message": ""}}, {"model": "admin.logentry", "pk": 124, "fields": {"action_time": "2021-04-21T10:50:10.021Z", "user": 1, "content_type": 16, "object_id": "20", "object_repr": "Cart: 20", "action_flag": 3, "change_message": ""}}, {"model": "admin.logentry", "pk": 125, "fields": {"action_time": "2021-04-21T10:50:10.131Z", "user": 1, "content_type": 16, "object_id": "19", "object_repr": "Cart: 19", "action_flag": 3, "change_message": ""}}, {"model": "admin.logentry", "pk": 126, "fields": {"action_time": "2021-04-21T10:50:10.287Z", "user": 1, "content_type": 16, "object_id": "18", "object_repr": "Cart: 18", "action_flag": 3, "change_message": ""}}, {"model": "admin.logentry", "pk": 127, "fields": {"action_time": "2021-04-21T10:50:10.397Z", "user": 1, "content_type": 16, "object_id": "17", "object_repr": "Cart: 17", "action_flag": 3, "change_message": ""}}, {"model": "admin.logentry", "pk": 128, "fields": {"action_time": "2021-04-21T10:50:10.522Z", "user": 1, "content_type": 16, "object_id": "16", "object_repr": "Cart: 16", "action_flag": 3, "change_message": ""}}, {"model": "admin.logentry", "pk": 129, "fields": {"action_time": "2021-04-21T10:50:10.630Z", "user": 1, "content_type": 16, "object_id": "15", "object_repr": "Cart: 15", "action_flag": 3, "change_message": ""}}, {"model": "admin.logentry", "pk": 130, "fields": {"action_time": "2021-04-21T10:50:10.731Z", "user": 1, "content_type": 16, "object_id": "14", "object_repr": "Cart: 14", "action_flag": 3, "change_message": ""}}, {"model": "admin.logentry", "pk": 131, "fields": {"action_time": "2021-04-22T07:25:52.163Z", "user": 1, "content_type": 12, "object_id": "4", "object_repr": "Sale Banner", "action_flag": 3, "change_message": ""}}, {"model": "admin.logentry", "pk": 132, "fields": {"action_time": "2021-04-23T04:57:08.016Z", "user": 1, "content_type": 8, "object_id": "8", "object_repr": "Smartphones", "action_flag": 1, "change_message": "[{\"added\": {}}]"}}, {"model": "admin.logentry", "pk": 133, "fields": {"action_time": "2021-04-23T04:57:28.880Z", "user": 1, "content_type": 7, "object_id": "8", "object_repr": "Apple", "action_flag": 1, "change_message": "[{\"added\": {}}]"}}, {"model": "admin.logentry", "pk": 134, "fields": {"action_time": "2021-04-23T04:57:49.137Z", "user": 1, "content_type": 11, "object_id": "12", "object_repr": "Apple iPhone - 12", "action_flag": 1, "change_message": "[{\"added\": {}}]"}}, {"model": "admin.logentry", "pk": 135, "fields": {"action_time": "2021-04-23T04:58:16.223Z", "user": 1, "content_type": 10, "object_id": "10", "object_repr": "64 GB", "action_flag": 1, "change_message": "[{\"added\": {}}]"}}, {"model": "admin.logentry", "pk": 136, "fields": {"action_time": "2021-04-23T04:58:34.497Z", "user": 1, "content_type": 13, "object_id": "13", "object_repr": "Apple iPhone - 12", "action_flag": 1, "change_message": "[{\"added\": {}}]"}}, {"model": "admin.logentry", "pk": 137, "fields": {"action_time": "2021-04-23T05:03:15.984Z", "user": 1, "content_type": 11, "object_id": "13", "object_repr": "Apple iPhone 12", "action_flag": 1, "change_message": "[{\"added\": {}}]"}}, {"model": "admin.logentry", "pk": 138, "fields": {"action_time": "2021-04-23T05:03:40.793Z", "user": 1, "content_type": 13, "object_id": "14", "object_repr": "Apple iPhone 12", "action_flag": 1, "change_message": "[{\"added\": {}}]"}}, {"model": "admin.logentry", "pk": 139, "fields": {"action_time": "2021-04-23T10:53:25.570Z", "user": 1, "content_type": 11, "object_id": "14", "object_repr": "Apple iPhone 12", "action_flag": 1, "change_message": "[{\"added\": {}}]"}}, {"model": "admin.logentry", "pk": 140, "fields": {"action_time": "2021-04-23T10:53:52.434Z", "user": 1, "content_type": 13, "object_id": "15", "object_repr": "Apple iPhone 12", "action_flag": 1, "change_message": "[{\"added\": {}}]"}}, {"model": "admin.logentry", "pk": 141, "fields": {"action_time": "2021-04-26T08:34:18.037Z", "user": 1, "content_type": 7, "object_id": "9", "object_repr": "Samsung", "action_flag": 1, "change_message": "[{\"added\": {}}]"}}, {"model": "admin.logentry", "pk": 142, "fields": {"action_time": "2021-04-26T08:34:42.813Z", "user": 1, "content_type": 11, "object_id": "15", "object_repr": "Samsung Note 10", "action_flag": 2, "change_message": "[{\"changed\": {\"fields\": [\"brand\"]}}]"}}, {"model": "admin.logentry", "pk": 143, "fields": {"action_time": "2021-04-26T12:23:56.078Z", "user": 1, "content_type": 13, "object_id": "16", "object_repr": "Samsung Note 10", "action_flag": 1, "change_message": "[{\"added\": {}}]"}}, {"model": "admin.logentry", "pk": 144, "fields": {"action_time": "2021-04-28T13:11:21.286Z", "user": 1, "content_type": 7, "object_id": "10", "object_repr": "Lacoste", "action_flag": 3, "change_message": ""}}, {"model": "admin.logentry", "pk": 145, "fields": {"action_time": "2021-04-29T04:14:13.640Z", "user": 1, "content_type": 4, "object_id": "16", "object_repr": "stark07", "action_flag": 3, "change_message": ""}}, {"model": "admin.logentry", "pk": 146, "fields": {"action_time": "2021-04-29T04:14:13.771Z", "user": 1, "content_type": 4, "object_id": "17", "object_repr": "stark08", "action_flag": 3, "change_message": ""}}]